Top pages,Clicks,Impressions,CTR,Position
https://www.homeglazer.com/,8,232,3.45%,7.15
https://www.homeglazer.com/difference-between-duco-paint-and-pu-paint,7,851,0.82%,3.95
https://www.homeglazer.com/pu-polish-and-polyester-polish,6,299,2.01%,4.9
https://www.homeglazer.com/asian-paints-royale-matt-vs-shyne-luxury,5,702,0.71%,3.69
https://www.homeglazer.com/difference-between-1k-pu-polish-2k-pu-polish,5,336,1.49%,4.06
https://www.homeglazer.com/types-of-polish-finishes-for-wood,4,726,0.55%,3.34
https://homeglazer.com/pu-paint-pu-polish-application-process-pu-coating-process,4,459,0.87%,3.52
https://www.homeglazer.com/6-popular-good-brands-for-pu-paint-pu-polish,3,177,1.69%,3.89
https://www.homeglazer.com/sirca-italian-pu-coating-vs-unico-pu-coating,3,73,4.11%,5.29
https://www.homeglazer.com/asian-paints-apex-paint-and-apex-ultima,2,540,0.37%,1.24
https://www.homeglazer.com/7-difference-between-melamine-polish-and-pu-polish,2,358,0.56%,4.41
https://www.homeglazer.com/5-asian-paints-wood-coating,2,328,0.61%,3.88
https://www.homeglazer.com/how-painters-paint-a-room-the-painting-process,2,320,0.62%,2.09
https://www.homeglazer.com/polyester-polish-and-pu-polish-difference,2,212,0.94%,2.16
https://www.homeglazer.com/best-paint-colour-for-front-door,2,196,1.02%,8.7
https://www.homeglazer.com/difference-between-apcolite-premium-emulsion-and-royale-luxury-emulsion,2,168,1.19%,1.38
https://www.homeglazer.com/tips-to-maintain-pu-paint-finish-matt-high-gloss,2,125,1.6%,6.01
https://www.homeglazer.com/advantages-of-pu-polish-over-melamine-polish,2,118,1.69%,3.47
https://www.homeglazer.com/which-shade-goes-perfect-for-wood-polish-polisher-near-me,2,99,2.02%,5.64
https://www.homeglazer.com/wood-stains-and-its-5-important-features-and-benefits,2,45,4.44%,2.58
https://www.homeglazer.com/wow-one-day-painting-services,2,37,5.41%,8.05
https://www.homeglazer.com/know-everything-about-pu-paint-and-pu-polish-polyurethane-polish,1,530,0.19%,4.17
https://www.homeglazer.com/asian-paints-tractor-emulsion-vs-apcolite-premium-emulsion,1,467,0.21%,5.74
https://www.homeglazer.com/what-is-duco-paint-what-is-duco-paint-coating-process-duco-application-painting,1,433,0.23%,1.4
https://www.homeglazer.com/6-amazing-tips-to-maintain-duco-paint-surface,1,279,0.36%,1.96
https://www.homeglazer.com/10-best-textured-painting-techniques-on-walls,1,230,0.43%,1.11
https://www.homeglazer.com/water-based-and-oil-based-enamel-paint,1,226,0.44%,7.82
https://www.homeglazer.com/painters-in-delhi,1,200,0.5%,10.64
https://www.homeglazer.com/pu-paint-pu-polish-application-process-pu-coating-process,1,197,0.51%,1.58
https://homeglazer.com/latest-asian-paints-texture-designs-living-room,1,179,0.56%,5.3
https://www.homeglazer.com/5-asian-paint-dune-texture-benefits,1,165,0.61%,2.77
https://www.homeglazer.com/5-pu-matt-finish-and-high-gloss-finish,1,149,0.67%,4.89
https://www.homeglazer.com/benefits-of-painting-the-property-before-rent,1,85,1.18%,5.11
https://www.homeglazer.com/wow-per-day-painting-services,1,72,1.39%,10.81
https://www.homeglazer.com/carpentry-services,1,63,1.59%,12.98
https://www.homeglazer.com/wood-polishing-services,1,31,3.23%,12.65
https://www.homeglazer.com/reasons-why-sirca-paints-acquired-oikos-paints,1,26,3.85%,8.85
https://www.homeglazer.com/5-acro-paints-by-jk-paints-feature,1,3,33.33%,3.33
https://www.homeglazer.com/category/commercial-office-painting,1,2,50%,9
https://www.homeglazer.com/guide-to-wooden-polish-shades-for-veneer,0,683,0%,2.66
https://www.homeglazer.com/types-of-paints,0,527,0%,5.09
https://www.homeglazer.com/difference-between-asian-piants-ace-paint-and-asian-paints-apex-paint,0,364,0%,5.61
https://www.homeglazer.com/know-about-plastic-paint,0,230,0%,6.61
https://www.homeglazer.com/duco-paint-furniture-maintenance-tips,0,225,0%,1.26
https://www.homeglazer.com/distemper-paint-and-tractor-emulsion-paint,0,202,0%,2.39
https://www.homeglazer.com/ica-pu-paint-ica-pu-polish-italian-wood-finish,0,186,0%,5.21
https://www.homeglazer.com/difference-between-duco-paint-and-pu-paint#Difference_between_Duco_Paint_and_PU_Paint,0,177,0%,5.81
https://www.homeglazer.com/difference-between-duco-paint-and-pu-paint#PU_coating_is_best_in_class_which_provides_excellent_flexibility_which_can_be_explained_as,0,177,0%,5.81
https://www.homeglazer.com/difference-between-duco-paint-and-pu-paint#What_is_Duco_Paint,0,177,0%,5.81
https://www.homeglazer.com/6-best-melamine-polish-brand-in-india-for-wood-polish,0,173,0%,4.19
https://www.homeglazer.com/4-benefits-of-polishing-your-wooden-furniture,0,169,0%,1.06
https://www.homeglazer.com/5-tips-to-maintain-pu-paint-valauble,0,161,0%,2.58
https://www.homeglazer.com/duco-paints-benefits-feature-usage-alternatives,0,160,0%,2.67
https://www.homeglazer.com/melamine-polish-coating-process-best-melamine-polisher,0,137,0%,4.74
https://www.homeglazer.com/5-indian-pu-brand-best-in-the-market,0,134,0%,2.1
https://www.homeglazer.com/5-asian-paint-stucco-marble-texture-paint-best,0,130,0%,12.93
https://www.homeglazer.com/difference-between-melamine-polish-and-pu-polish-melamine-vs-pu,0,127,0%,1.06
https://www.homeglazer.com/duco-paint-and-pu-paint,0,127,0%,1.41
https://www.homeglazer.com/category/oikos,0,119,0%,1.13
https://www.homeglazer.com/6-asian-paint-pu-emporio-gold-features,0,116,0%,1
https://www.homeglazer.com/5-restore-duco-polish-chipping,0,106,0%,3.42
https://www.homeglazer.com/asian-paints-vs-dulux-velvet-touch-pearl-glo,0,105,0%,1.22
https://www.homeglazer.com/why-primer-is-important-before-painting,0,97,0%,6.21
https://www.homeglazer.com/gloss-enamel-paint-and-satin-enamel-paint,0,89,0%,1.12
https://www.homeglazer.com/know-all-about-wall-putty,0,74,0%,7.11
https://www.homeglazer.com/5-reasons-italian-pu-is-more-popular-than-economical-pu,0,72,0%,3.25
https://www.homeglazer.com/asian-paints-apcolite-vs-dulux-supercover,0,71,0%,1.01
https://www.homeglazer.com/10-best-colours-to-paint-your-exterior-walls-painting,0,71,0%,1.28
https://www.homeglazer.com/best-colours-for-married-couple-bedroom,0,71,0%,4.73
https://www.homeglazer.com/dulux-supercover-ultra-vs-premium-emulsion,0,69,0%,6.14
https://www.homeglazer.com/asian-paints-apcolite-premium-emulsion-paint,0,68,0%,8.41
https://www.homeglazer.com/7-vibrant-colour-scheme-for-kids-room,0,66,0%,4.03
https://www.homeglazer.com/a-complete-guide-indigo-floor-paint,0,64,0%,12.56
https://www.homeglazer.com/professional-painting-process-the-method-painting-contractor-near-me,0,60,0%,3.57
https://homeglazer.com/blog/5-asian-paint-stucco-marble-texture-paint-best,0,60,0%,10.27
https://www.homeglazer.com/10-best-colour-combinations-for-your-living-room-living-area-shades,0,60,0%,12.75
https://www.homeglazer.com/7-difference-between-melamine-polish-and-pu-polish#6_Clear_Differences_Between_Melamine_and_PU_Polish,0,58,0%,7.28
https://www.homeglazer.com/7-difference-between-melamine-polish-and-pu-polish#What_is_PU_Polish,0,58,0%,7.28
https://www.homeglazer.com/reasons-to-choose-pu-paint-over-duco-paint,0,51,0%,1.49
https://www.homeglazer.com/asian-paints-tractor-emulsion-vs-apcolite-premium-emulsion#Asian_Paint_Tractor_Emulsion,0,51,0%,5.04
https://www.homeglazer.com/asian-paints-tractor-emulsion-vs-apcolite-premium-emulsion#Asian_Paints_Apcolite_Premium_Emulsion,0,51,0%,5.04
https://homeglazer.com/pu-paint-pu-polish-application-process-pu-coating-process#Steps_Coating_Process_to_follow_for_a_good_finish_of_PU_Polish,0,50,0%,6.32
https://homeglazer.com/pu-paint-pu-polish-application-process-pu-coating-process#Steps_to_follow_for_a_good_finish_of_PU_Paint_on_MDFHDHMR,0,50,0%,6.32
https://www.homeglazer.com/asian-paints-royale-matt-vs-shyne-luxury#Asian_Paints_Royale_Matt,0,49,0%,5.59
https://www.homeglazer.com/asian-paints-royale-matt-vs-shyne-luxury#Asian_Paints_Royale_Shyne_Luxury_Emulsion,0,49,0%,5.59
https://www.homeglazer.com/trending-colours-for-office-painting-office-colour-combination,0,43,0%,8.74
https://www.homeglazer.com/paint-coats-for-better-finish-painting-coat,0,42,0%,4.12
https://www.homeglazer.com/best-time-to-paint-your-house,0,42,0%,6
https://homeglazer.com/pu-paint-pu-polish-application-process-pu-coating-process#Point_to_keep_in_mind_during_the_PU_coating_process,0,42,0%,6.05
https://www.homeglazer.com/6-steps-to-restore-pu-polish-chipping,0,41,0%,2.54
https://www.homeglazer.com/know-everything-about-pu-paint-and-pu-polish-polyurethane-polish#Difference_Between_PU_Paint_PU_Polish,0,40,0%,7
https://www.homeglazer.com/know-all-about-polyester-polish,0,39,0%,6.64
https://www.homeglazer.com/know-everything-about-pu-paint-and-pu-polish-polyurethane-polish#The_coating_process_of_PU_Paint_on_MDF,0,39,0%,7.15
https://www.homeglazer.com/know-everything-about-pu-paint-and-pu-polish-polyurethane-polish#Types_of_PU_Coating,0,39,0%,7.15
https://www.homeglazer.com/5-birla-opus-smart-market-strategy,0,38,0%,4.55
https://www.homeglazer.com/5-distemper-paint-benefits,0,38,0%,5.32
https://www.homeglazer.com/commercial-painting-services,0,38,0%,16.39
https://homeglazer.com/5-latest-texture-design-for-the-walls,0,37,0%,1.05
https://www.homeglazer.com/7-trending-colours-for-house-painting-house,0,36,0%,25.19
https://www.homeglazer.com/painting-process-to-paint-a-newly-built-house,0,35,0%,1.06
https://www.homeglazer.com/asian-paints-tractor-emulsion-vs-apcolite-premium-emulsion#Let_us_first_understand_the_basic_use_of_Emulsions,0,35,0%,5.09
https://www.homeglazer.com/reason-why-texture-paint-costs-more-normal-paint,0,34,0%,3.29
https://www.homeglazer.com/best-colours-combination-for-kitchen-walls-and-cabinets,0,32,0%,15.16
https://www.homeglazer.com/9-obd-and-distemper-paint-key-difference,0,31,0%,1.13
https://www.homeglazer.com/5-simple-steps-to-repair-polyester-polish-chipping,0,31,0%,4.77
https://www.homeglazer.com/best-asian-paints-white-shade-for-home-interiors,0,30,0%,1.8
https://www.homeglazer.com/know-everything-about-pu-paint-and-pu-polish-polyurethane-polish#Similarities_between_PU_Paint_and_PU_Polish,0,30,0%,7.27
https://www.homeglazer.com/know-everything-about-pu-paint-and-pu-polish-polyurethane-polish#Differences_between_Matte_Finish_and_Gloss_Finish_of_PU_Coating,0,30,0%,7.63
https://www.homeglazer.com/know-everything-about-pu-paint-and-pu-polish-polyurethane-polish#Safety_measures_to_keep_in_mind_while_applying_PU_Paint_or_PU_Polish,0,30,0%,7.63
https://homeglazer.com/tag/asian-paints-apcolite-premium-emulsion-vs-dulux-supercover-premium-emulsion,0,30,0%,9.9
https://www.homeglazer.com/know-everything-about-pu-paint-and-pu-polish-polyurethane-polish#What_is_PU_coating_and_Why_do_polishers_apply_it_on_wood_or_metal,0,29,0%,7.72
https://www.homeglazer.com/types-of-polish-finishes-for-wood#Major_Categories_of_Wood_Polish_Finish,0,29,0%,8.76
https://www.homeglazer.com/types-of-polish-finishes-for-wood#The_Popular_Polish_Types,0,29,0%,8.76
https://www.homeglazer.com/12-qualities-that-make-polyurethane-polish-a-luxury-wood-polish,0,28,0%,7.89
https://www.homeglazer.com/colour-combination-ideas-for-exterior-of-houses-exterior-painter-near-me,0,28,0%,23.36
https://www.homeglazer.com/difference-between-1k-pu-polish-2k-pu-polish#1K_PU_polish_vs_2K_PU_polish_%E2%80%93_The_main_differences,0,27,0%,5.85
https://www.homeglazer.com/difference-between-1k-pu-polish-2k-pu-polish#Lets_understand_what_exactly_is_1K_coating_and_2K_coating,0,27,0%,5.85
https://www.homeglazer.com/painting-your-house-important-best-home-painting,0,27,0%,35.52
https://www.homeglazer.com/season-to-paint-your-house,0,26,0%,5.27
https://www.homeglazer.com/difference-between-asian-piants-ace-paint-and-asian-paints-apex-paint#Ace_Exterior_Emulsion,0,26,0%,9.31
https://www.homeglazer.com/difference-between-asian-piants-ace-paint-and-asian-paints-apex-paint#Benefits_of_using_Asian_paints_Ace_Exterior_Emulsion,0,26,0%,9.31
https://www.homeglazer.com/difference-between-1k-pu-polish-2k-pu-polish#1K-PU_coating_%E2%80%93,0,25,0%,5.6
https://www.homeglazer.com/best-colour-combinations-for-office-spaces-office-painting-services,0,25,0%,11.6
https://www.homeglazer.com/what-is-graffiti-painting,0,24,0%,3.29
https://www.homeglazer.com/difference-between-asian-piants-ace-paint-and-asian-paints-apex-paint#Apex_Weatherproof_Emulsion,0,21,0%,10.1
https://www.homeglazer.com/best-colour-combination-for-kids-room-kids-room-decor,0,20,0%,1.8
https://www.homeglazer.com/colours-of-the-indian-flag-for-home-decor,0,20,0%,5.3
https://www.homeglazer.com/why-you-should-paint-your-office-keep-your-office-painted,0,20,0%,24.05
https://www.homeglazer.com/6-charmwood-pu-features-and-benefits-that-make-it-attractive,0,19,0%,2.79
https://www.homeglazer.com/difference-between-1k-pu-polish-2k-pu-polish#2K-PU_coating_%E2%80%93,0,18,0%,5
https://www.homeglazer.com/pu-polish-and-polyester-polish#Comparison,0,18,0%,5.5
https://www.homeglazer.com/pu-polish-and-polyester-polish#Comparison_Chart_of_PU_Polish_Polyester_Polish,0,18,0%,5.5
https://www.homeglazer.com/pu-polish-and-polyester-polish#Qualities_of_PU_Polish_and_Polyester_Polish,0,18,0%,5.5
https://www.homeglazer.com/interior-painting-services,0,18,0%,5.56
https://homeglazer.com/blog/5-asian-paint-dune-texture-benefits,0,18,0%,5.78
https://www.homeglazer.com/tag/5-indian-pu-brand-best-in-the-market,0,18,0%,6.94
https://www.homeglazer.com/5-asian-paints-wood-coating#Asian_Paints_Wood_Polish_That_Looks_Best_In_Your_Home,0,18,0%,9.44
https://www.homeglazer.com/vastu-shastra-colours,0,18,0%,12.22
https://www.homeglazer.com/5-asian-paints-wood-coating#Asian_Paints_Wood_Polish,0,17,0%,9.47
https://www.homeglazer.com/texture-painting-vs-stencil-painting,0,16,0%,3.38
https://www.homeglazer.com/6-popular-good-brands-for-pu-paint-pu-polish#ASIAN_PAINTS,0,16,0%,3.56
https://www.homeglazer.com/6-popular-good-brands-for-pu-paint-pu-polish#ICA_PIDILITE,0,16,0%,3.56
https://www.homeglazer.com/6-popular-good-brands-for-pu-paint-pu-polish#MRF_VAPOCURE_PAINTS,0,16,0%,3.56
https://www.homeglazer.com/6-popular-good-brands-for-pu-paint-pu-polish#SIRCA,0,16,0%,3.56
https://www.homeglazer.com/what-are-the-types-of-exterior-paint,0,16,0%,6.31
https://www.homeglazer.com/5-asian-paints-wood-coating#What_is_a_Wood_polish,0,16,0%,9.88
https://www.homeglazer.com/6-popular-good-brands-for-pu-paint-pu-polish#NEROLAC,0,15,0%,3.6
https://www.homeglazer.com/pu-polish-and-polyester-polish#Area_of_Use_PU_Coating_Polyester_Coating,0,15,0%,5.6
https://www.homeglazer.com/pu-polish-and-polyester-polish#Components,0,15,0%,5.6
https://www.homeglazer.com/how-to-use-paint-roller-painting-service-in-delhi,0,15,0%,8.13
https://www.homeglazer.com/role-of-wall-primer-in-the-house-painting,0,14,0%,3.43
https://www.homeglazer.com/how-to-restore-wooden-furniture-polish,0,13,0%,4.23
https://www.homeglazer.com/duco-paints-benefits-feature-usage-alternatives#Where_Can_You_Use_DUCO_Paint,0,13,0%,7.31
https://www.homeglazer.com/duco-paints-benefits-feature-usage-alternatives#Are_There_Any_Alternatives_to_DUCO_Paint,0,13,0%,7.38
https://www.homeglazer.com/category/wood-polish,0,13,0%,9.31
https://www.homeglazer.com/how-to-use-a-paintbrush-painting-brush-use-of-paintbrush,0,13,0%,17
https://www.homeglazer.com/duco-paints-benefits-feature-usage-alternatives#What_is_a_DUCO_Paint,0,12,0%,7.58
https://www.homeglazer.com/duco-paints-benefits-feature-usage-alternatives#Why_Should_You_Go_with_DUCO_Paint,0,12,0%,7.58
https://www.homeglazer.com/duco-paints-benefits-feature-usage-alternatives#Key_Features_of_DUCO_Paint,0,12,0%,7.67
https://www.homeglazer.com/sirca-italian-pu-coating-vs-unico-pu-coating#Key_Features_of_Unico_Economical_PU_Wood_Coating,0,12,0%,8.92
https://www.homeglazer.com/sirca-italian-pu-coating-vs-unico-pu-coating#Sirca_PU_Luxury_Wood_Coating_Italian,0,12,0%,8.92
https://www.homeglazer.com/sirca-italian-pu-coating-vs-unico-pu-coating#Unico_Economical_PU_Wood_Coating_by_Sirca,0,12,0%,8.92
https://www.homeglazer.com/find-good-painting-contractor,0,12,0%,19.83
https://www.homeglazer.com/carpenters-are-craftsmen,0,11,0%,3.64
https://www.homeglazer.com/professional-painting-process,0,11,0%,4.55
https://www.homeglazer.com/when-you-should-paint-your-house-time-for-house-painting,0,11,0%,4.55
https://www.homeglazer.com/sirca-italian-pu-coating-vs-unico-pu-coating#Key_Features_of_Sirca_Italian_PU_Luxury_Coating,0,11,0%,9.27
https://www.homeglazer.com/sirca-italian-pu-coating-vs-unico-pu-coating#Pros,0,11,0%,9.27
https://www.homeglazer.com/5-pu-matt-finish-and-high-gloss-finish#5_PU_Matt_Finish_and_High_Gloss_Finish_Difference,0,10,0%,8.7
https://www.homeglazer.com/5-pu-matt-finish-and-high-gloss-finish#Conclusion,0,10,0%,8.7
https://www.homeglazer.com/5-pu-matt-finish-and-high-gloss-finish#What_is_PU_Gloss_Finish,0,10,0%,8.7
https://www.homeglazer.com/5-pu-matt-finish-and-high-gloss-finish#What_is_PU_Matt_Finish,0,10,0%,8.7
https://homeglazer.com/a-complete-guide-indigo-floor-paint,0,9,0%,1.11
https://homeglazer.com/5-points-texture-painting-professional-near-you,0,9,0%,1.56
https://www.homeglazer.com/8-points-to-consider-in-wood-polish-quotation,0,9,0%,1.56
https://www.homeglazer.com/contact-us,0,9,0%,3
https://homeglazer.com/tag/duco-paint-on-mdf,0,9,0%,8.78
https://www.homeglazer.com/why-you-should-hire-professional-painters-house-painting-service-near-me,0,9,0%,9.78
https://homeglazer.com/tag/obd-and-distemper-paint-key-difference,0,8,0%,2.75
https://www.homeglazer.com/kids-room-painting-services,0,8,0%,3.75
https://www.homeglazer.com/6-best-melamine-polish-brand-in-india-for-wood-polish#6_Brands_for_Melamine_Polish_in_India,0,8,0%,10.38
https://www.homeglazer.com/6-best-melamine-polish-brand-in-india-for-wood-polish#What_are_Melamine_Polish_Features,0,8,0%,10.38
https://www.homeglazer.com/discover-enduring-colors-for-timeless-homes,0,7,0%,1.57
https://www.homeglazer.com/6-way-to-find-the-expert-texture-painting-professionals,0,7,0%,2.86
https://www.homeglazer.com/tips-to-maintain-pu-paint-finish-matt-high-gloss#General_maintenance_advice,0,7,0%,4.29
https://www.homeglazer.com/tips-to-maintain-pu-paint-finish-matt-high-gloss#Typical_advice_for_Matt_PU_Paint_Finish,0,7,0%,4.29
https://www.homeglazer.com/tips-to-maintain-pu-paint-finish-matt-high-gloss#Typical_tips_for_High_Gloss_PU_Paint_Finish,0,7,0%,4.29
https://homeglazer.com/blog/5-acro-paints-by-jk-paints-feature,0,7,0%,5.14
https://www.homeglazer.com/residential-painting-services,0,7,0%,7.57
https://www.homeglazer.com/which-shade-goes-perfect-for-wood-polish-polisher-near-me#Cherry_Golden,0,7,0%,10.14
https://www.homeglazer.com/which-shade-goes-perfect-for-wood-polish-polisher-near-me#Chocolate_Brown,0,7,0%,10.14
https://www.homeglazer.com/which-shade-goes-perfect-for-wood-polish-polisher-near-me#Reddish_Brown,0,7,0%,10.14
https://www.homeglazer.com/6-benefits-of-home-glazer-wood-polishers,0,6,0%,7.33
https://www.homeglazer.com/6-reasons-italian-texture-designs-high-demand,0,6,0%,9.33
https://www.homeglazer.com/which-shade-goes-perfect-for-wood-polish-polisher-near-me#Honey_Oak_Shade,0,6,0%,9.83
https://homeglazer.com/exterior-painting-tips-for-high-traffic-zones,0,6,0%,18
https://www.homeglazer.com/advantages-of-graffiti-painting-for-bars-cafe-restaurants-graffiti-artist,0,6,0%,21.33
https://homeglazer.com/tag/gloss-enamel,0,5,0%,5.8
https://www.homeglazer.com/tag/oikos-texture-paint-design-for-home,0,5,0%,9.4
https://www.homeglazer.com/tag/9-obd-and-distemper-paint-key-difference,0,4,0%,4.75
https://www.homeglazer.com/allwood-italian-pu-coating-by-aditya-birla,0,4,0%,12.75
https://www.homeglazer.com/customized-wallpaper-services,0,4,0%,31.75
https://www.homeglazer.com/category/comparison,0,3,0%,1.67
https://www.homeglazer.com/stencil-painting-services,0,3,0%,1.67
https://homeglazer.com/blog/reasons-why-sirca-paints-acquired-oikos-paints,0,3,0%,4
https://www.homeglazer.com/wood-coating-services,0,3,0%,4.33
https://www.homeglazer.com/how-for-paint-job-quality-finish,0,3,0%,6.67
https://www.homeglazer.com/distemper-paint-and-tractor-emulsion-paint#Distemper_Paint,0,3,0%,7
https://www.homeglazer.com/distemper-paint-and-tractor-emulsion-paint#Tractor_Emulsion_Paint,0,3,0%,7
https://www.homeglazer.com/lighting-in-interior-paint-colour-selection,0,3,0%,7.33
https://www.homeglazer.com/category/house-painting-ideas,0,3,0%,8.67
https://www.homeglazer.com/types-of-paints#1_Texture_Paint,0,3,0%,9
https://www.homeglazer.com/types-of-paints#2_Distemper_Paint,0,3,0%,9
https://www.homeglazer.com/types-of-paints#3_Emulsion_Paint,0,3,0%,9
https://www.homeglazer.com/types-of-paints#4_Oil_Paints,0,3,0%,9
https://www.homeglazer.com/types-of-paints#5_Enamel_Paint,0,3,0%,9
https://www.homeglazer.com/types-of-paints#6_Cement_Based_Paints,0,3,0%,9
https://www.homeglazer.com/types-of-paints#8_Anti-Condensation_Paint,0,3,0%,9
https://www.homeglazer.com/products,0,3,0%,9.67
https://www.homeglazer.com/services/customized-painting/per-day-painting,0,3,0%,10
https://www.homeglazer.com/tag/apcolite-advanced-premium-emulsion,0,3,0%,10.67
https://www.homeglazer.com/two-tone-paint-schemes-on-interior-walls,0,3,0%,16.33
https://www.homeglazer.com/about-us-about-homeglazer,0,2,0%,1
https://www.homeglazer.com/why-luxury-paints-is-essential-in-luxury-homes,0,2,0%,1.5
https://www.homeglazer.com/5-best-signs-of-a-good-wood-polisher,0,2,0%,2
https://www.homeglazer.com/5-restore-duco-polish-chipping#5_Restore_DUCO_Paint_Chipping_Fast_and_Easy_Steps,0,2,0%,3
https://www.homeglazer.com/5-restore-duco-polish-chipping#What_are_the_Causes_of_DUCO_Paint_Chipping,0,2,0%,3
https://www.homeglazer.com/5-restore-duco-polish-chipping#What_is_DUCO_Polish_Chipping,0,2,0%,3
https://www.homeglazer.com/graffiti-painting-for-your-office,0,2,0%,5
https://homeglazer.com/5-birla-opus-smart-market-strategy,0,2,0%,5.5
https://homeglazer.com/tag/6-brands-for-melamine-polish-that-are-best-for-homes,0,2,0%,6.5
https://www.homeglazer.com/painting-and-wood-coating-blog/5,0,2,0%,6.5
https://www.homeglazer.com/category/house-painting-ideas/page/2,0,2,0%,7
https://homeglazer.com/wp-content/uploads/2024/02/Maintenance-Tips-for-PU-Paint-Finish-2.jpg,0,2,0%,8.5
https://www.homeglazer.com/know-everything-about-pu-paint-and-pu-polish-polyurethane-polish#Buffing_and_its_role_in_PU_Coating,0,2,0%,8.5
https://www.homeglazer.com/asian-paints-apcolite-premium-emulsion-paint#Benefits_of_Using_Apcolite_Premium_Emulsion,0,2,0%,9
https://www.homeglazer.com/asian-paints-apcolite-premium-emulsion-paint#Features_of_Apcolite_Premium_Emulsion,0,2,0%,9
https://www.homeglazer.com/category/exterior-painting/page/2,0,2,0%,9
https://www.homeglazer.com/ica-pu-paint-ica-pu-polish-italian-wood-finish#Advantages_and_characteristics_of_ICA_PU,0,2,0%,10.5
https://www.homeglazer.com/ica-pu-paint-ica-pu-polish-italian-wood-finish#ICA_PU_Products,0,2,0%,10.5
https://www.homeglazer.com/what-to-consider-while-selecting-a-good-painting-contractor-in-delhi,0,2,0%,13.5
https://www.homeglazer.com/category/exterior-painting,0,2,0%,23
https://www.homeglazer.com/best-colour-scheme-for-kitchen-cabinets-cupboard-walls-storage,0,2,0%,45
https://homeglazer.com/5-oikos-ottocento-texture-paint-features,0,1,0%,1
https://homeglazer.com/common-painting-mistakes,0,1,0%,1
https://homeglazer.com/tag/oikos-paints,0,1,0%,1
https://homeglazer.com/weather-elements-for-selecting-exterior-paint,0,1,0%,1
https://www.homeglazer.com/6-gorgeous-innovative-oikos-texture-paint-design,0,1,0%,1
https://www.homeglazer.com/category/dulux,0,1,0%,1
https://www.homeglazer.com/exterior-painting-services,0,1,0%,1
https://www.homeglazer.com/graffiti-painting-services-wall-art-services,0,1,0%,1
https://www.homeglazer.com/points-to-look-for-in-a-wood-polish-contractor,0,1,0%,1
https://www.homeglazer.com/services/painting/kids-room,0,1,0%,1
https://www.homeglazer.com/sirca-pu-paint-pu-polish-your-italian-autograph,0,1,0%,1
https://www.homeglazer.com/texture-painting-services,0,1,0%,1
https://www.homeglazer.com/tips-to-prepare-your-home-for-painting-services,0,1,0%,1
https://homeglazer.com/category/asian-paints,0,1,0%,2
https://homeglazer.com/tag/colour-home,0,1,0%,4
https://www.homeglazer.com/paintings-your-house-is-an-investment,0,1,0%,4
https://www.homeglazer.com/tag/best-paint,0,1,0%,5
https://www.homeglazer.com/polyester-polish-and-pu-polish-difference#7_Polyester_Polish_and_PU_Polish_Differences_You_Must_Know,0,1,0%,6
https://www.homeglazer.com/polyester-polish-and-pu-polish-difference#What_is_PU_Polish,0,1,0%,6
https://www.homeglazer.com/polyester-polish-and-pu-polish-difference#What_is_Polyester_Polish,0,1,0%,6
https://www.homeglazer.com/tips-to-plan-painting-a-running-business-space,0,1,0%,6
https://www.homeglazer.com/5-ways-to-find-a-good-wood-polishers,0,1,0%,7
https://www.homeglazer.com/category/paint-industry-news/page/2,0,1,0%,7
https://homeglazer.com/tag/texture-design,0,1,0%,8
https://www.homeglazer.com/5-reasons-italian-pu-is-more-popular-than-economical-pu#5_Reasons_Why_Italian_PU_Is_More_Popular_Than_Economical_PU,0,1,0%,8
https://www.homeglazer.com/5-reasons-italian-pu-is-more-popular-than-economical-pu#Italian_PU_vs_Economical_Budget-friendlyPU,0,1,0%,8
https://www.homeglazer.com/5-reasons-italian-pu-is-more-popular-than-economical-pu#What_is_the_Price_of_Italian_PU,0,1,0%,8
https://www.homeglazer.com/category/colour-combination,0,1,0%,8
https://www.homeglazer.com/category/house-painting-ideas/page/3,0,1,0%,8
https://www.homeglazer.com/tag/house-painting-contractor,0,1,0%,8
https://homeglazer.com/tag/6-charmwood-pu-features,0,1,0%,9
https://homeglazer.com/tag/wall-putty,0,1,0%,9
https://www.homeglazer.com/melamine-polish-coating-process-best-melamine-polisher#Step_2_Filling,0,1,0%,9
https://www.homeglazer.com/melamine-polish-coating-process-best-melamine-polisher#Step_3_Sanding_Sealer,0,1,0%,9
https://www.homeglazer.com/melamine-polish-coating-process-best-melamine-polisher#Step_4_Colouring,0,1,0%,9
https://www.homeglazer.com/melamine-polish-coating-process-best-melamine-polisher#Step_5_Melamine_Coating,0,1,0%,9
https://www.homeglazer.com/wp-content/uploads/2024/01/In-this-comprehensive-guide-well-delve-into-the-features-benefits-and-reasons-why-Asian-Paints-Premium-Emulsion-is-a-preferred-choice-for-those-seeking-a-premium-and-lasting-finish-for-their-walls-1200x900.jpg,0,1,0%,9
https://homeglazer.com/tag/5-pu-matt-finish-and-high-gloss-finish-difference,0,1,0%,10
https://homeglazer.com/tag/oil-based-exterior-paint,0,1,0%,10
https://www.homeglazer.com/category/wood-polish/page/2,0,1,0%,10
https://www.homeglazer.com/our-team,0,1,0%,10
https://homeglazer.com/tag/asian-paints-apcolite-premium-emulsion,0,1,0%,11
https://homeglazer.com/tag/how-to-paint-a-room,0,1,0%,11
https://homeglazer.com/tag/pu-wood-polish,0,1,0%,11
https://www.homeglazer.com/wp-content/uploads/2024/02/Maintenance-Tips-for-PU-Paint-Finish.jpg,0,1,0%,16
https://homeglazer.com/tag/best-painting-contractor-in-delhi,0,1,0%,20
https://www.homeglazer.com/wp-content/uploads/2022/03/1K-vs-2K_page-0001-1-675x675.jpg,0,1,0%,23
https://www.homeglazer.com/tips-to-paint-your-office,0,1,0%,27
https://homeglazer.com/wp-content/uploads/2024/06/Asian-Paint-Stucco-Marble.jpg,0,1,0%,29
https://www.homeglazer.com/wp-content/uploads/2024/06/A-Comprehensive-Guide-to-Wooden-Polish-Shades-for-Veneer-1200x900.jpg,0,1,0%,29
https://homeglazer.com/tag/pu-paint-on-mdf,0,1,0%,48
https://www.homeglazer.com/category/texture-paint/page/2,0,1,0%,82
https://www.homeglazer.com/category/wood-coating,0,1,0%,82